{
  "output": [
    {
      "length_ratio": 116.2962962962963,
      "nouns_ratio": 114.99999999999999,
      "spelling_mistakes": 11.464968152866243
    }
  ]
}